inp1,inp2,V(Internal node)
0,0,5.126065e-01
1,1,5.339468e-01
1,0,5.649137e-01
0,1,4.773071e-01
