inp1,inp2,V(Internal node)
0,0,3.000853e-17
1,1,1.099347e-07
1,0,2.001647e-07
0,1,3.664490e-08
