inp1,inp2,V(Internal node)
0,0,4.718013e-01
1,1,4.896559e-01
1,0,5.177934e-01
0,1,4.460085e-01
